"candidate_id","rank","score","reasoning","name","current_title","current_company","location","country","years_of_experience","open_to_work","notice_period_days","github_activity_score","recruiter_response_rate","top_skills","skills_score","career_score","signals_score","location_score"
"CAND_0018499","1","0.879514","Senior Machine Learning Engineer at Zomato with 7 years of experience, based in Noida, Uttar Pradesh. Positives: relevant skills include Weaviate, Pinecone, Information Retrieval; actively open to work; short notice period (15 days); strong GitHub activity (score: 95).","Aarav Trivedi","Senior Machine Learning Engineer","Zomato","Noida, Uttar Pradesh","India","7.2","true","15","94.8","0.61","Weaviate|Pinecone|Information Retrieval|Milvus","0.875","1.0","0.8674","1.0"
"CAND_0077337","2","0.834027","Staff Machine Learning Engineer at Paytm with 7 years of experience, based in Kochi, Kerala. Positives: relevant skills include Semantic Search, Pinecone, BM25; actively open to work; strong GitHub activity (score: 68); high recruiter response rate (95%).","Aarav Agarwal","Staff Machine Learning Engineer","Paytm","Kochi, Kerala","India","7.0","true","60","68.0","0.95","Semantic Search|Pinecone|BM25|Information Retrieval","1.0","1.0","0.889","0.7"
"CAND_0081846","3","0.794643","Lead AI Engineer at Razorpay with 7 years of experience, based in Jaipur, Rajasthan. Positives: relevant skills include Information Retrieval, Elasticsearch, Python; actively open to work; short notice period (30 days); high recruiter response rate (73%).","Arjun Khanna","Lead AI Engineer","Razorpay","Jaipur, Rajasthan","India","6.7","true","30","33.7","0.73","Information Retrieval|Elasticsearch|Python|Embeddings","0.875","1.0","0.7201","0.7"
"CAND_0064326","4","0.783528","Search Engineer at Sarvam AI with 8 years of experience, based in Gurgaon, Haryana. Positives: relevant skills include Milvus, Semantic Search, Weaviate; actively open to work; strong GitHub activity (score: 61); high recruiter response rate (94%).","Nisha Pillai","Search Engineer","Sarvam AI","Gurgaon, Haryana","India","7.6","true","45","61.4","0.94","Milvus|Semantic Search|Weaviate|RAG","0.75","1.0","0.8662","1.0"
"CAND_0096142","5","0.775283","Applied ML Engineer at upGrad with 5 years of experience, based in Hyderabad, Telangana. Positives: relevant skills include Weaviate, Pinecone, Python; actively open to work; strong GitHub activity (score: 80); high recruiter response rate (84%).","Pranav Sethi","Applied ML Engineer","upGrad","Hyderabad, Telangana","India","5.0","true","120","80.5","0.84","Weaviate|Pinecone|Python|RAG","0.625","1.0","0.8935","1.0"
"CAND_0020877","6","0.768660","Applied ML Engineer at CRED with 5 years of experience, based in Gurgaon, Haryana. Positives: relevant skills include Elasticsearch, OpenSearch, Information Retrieval; strong GitHub activity (score: 74).","Anil Rao","Applied ML Engineer","CRED","Gurgaon, Haryana","India","5.1","false","60","74.4","0.66","Elasticsearch|OpenSearch|Information Retrieval|Weaviate","0.75","1.0","0.4212","1.0"
"CAND_0071974","7","0.764970","Senior AI Engineer at Netflix with 8 years of experience, based in Vizag, Andhra Pradesh. Positives: relevant skills include Weaviate, BM25, Pinecone; actively open to work; strong GitHub activity (score: 83); high recruiter response rate (76%).","Sai Verma","Senior AI Engineer","Netflix","Vizag, Andhra Pradesh","India","7.8","true","45","82.8","0.76","Weaviate|BM25|Pinecone|Information Retrieval","1.0","1.0","0.8764","0.4"
"CAND_0006418","8","0.760478","Machine Learning Engineer at Verloop.io with 6 years of experience, based in Gurgaon, Haryana. Positives: relevant skills include Semantic Search, Embeddings, Weaviate; actively open to work; strong GitHub activity (score: 60); high recruiter response rate (92%).","Rahul Mukherjee","Machine Learning Engineer","Verloop.io","Gurgaon, Haryana","India","5.7","true","60","59.7","0.92","Semantic Search|Embeddings|Weaviate|Elasticsearch","0.75","1.0","0.8551","1.0"
"CAND_0088025","9","0.748239","Staff Machine Learning Engineer at Yellow.ai with 9 years of experience, based in Jaipur, Rajasthan. Positives: relevant skills include Pinecone, RAG, BM25; actively open to work; strong GitHub activity (score: 75); high recruiter response rate (83%).","Amit Arora","Staff Machine Learning Engineer","Yellow.ai","Jaipur, Rajasthan","India","8.6","true","90","74.6","0.83","Pinecone|RAG|BM25|Elasticsearch","0.625","1.0","0.8728","0.4"
"CAND_0041669","10","0.746239","Recommendation Systems Engineer at CRED with 8 years of experience, based in Noida, Uttar Pradesh. Positives: relevant skills include FAISS, Milvus, Semantic Search; actively open to work; strong GitHub activity (score: 71); high recruiter response rate (77%).","Aisha Banerjee","Recommendation Systems Engineer","CRED","Noida, Uttar Pradesh","India","8.0","true","60","70.9","0.77","FAISS|Milvus|Semantic Search|Weaviate","0.75","1.0","0.8437","1.0"
"CAND_0075574","11","0.744491","Machine Learning Engineer at Haptik with 6 years of experience, based in Bangalore, Karnataka. Positives: relevant skills include Weaviate, OpenSearch, Qdrant; actively open to work.","Karan Ghosh","Machine Learning Engineer","Haptik","Bangalore, Karnataka","India","5.7","true","60","37.7","0.58","Weaviate|OpenSearch|Qdrant|Elasticsearch","0.625","1.0","0.6871","1.0"
"CAND_0047721","12","0.737716","Senior Data Scientist at Microsoft with 7 years of experience, based in Coimbatore, Tamil Nadu. Positives: relevant skills include Milvus, BM25, RAG; strong GitHub activity (score: 90).","Om Verma","Senior Data Scientist","Microsoft","Coimbatore, Tamil Nadu","India","7.0","false","90","90.1","0.49","Milvus|BM25|RAG|Information Retrieval","0.75","1.0","0.4173","0.7"
"CAND_0068351","13","0.736257","Lead AI Engineer at Sarvam AI with 6 years of experience, based in Delhi, Delhi. Positives: relevant skills include Qdrant, Elasticsearch, Python; short notice period (0 days); high recruiter response rate (86%).","Aadhya Iyer","Lead AI Engineer","Sarvam AI","Delhi, Delhi","India","6.4","false","0","-1","0.86","Qdrant|Elasticsearch|Python|Ranking Systems","0.625","1.0","0.258","1.0"
"CAND_0015578","14","0.726202","AI Engineer at Zoho with 5 years of experience, based in Delhi, Delhi. Positives: relevant skills include Embeddings, BM25, Pinecone; actively open to work.","Ved Singh","AI Engineer","Zoho","Delhi, Delhi","India","5.4","true","90","27.7","0.65","Embeddings|BM25|Pinecone|FAISS","0.625","1.0","0.6781","1.0"
"CAND_0070398","15","0.719805","Machine Learning Engineer at Genpact AI with 7 years of experience, based in Kochi, Kerala. Positives: relevant skills include BM25, RAG, FAISS; actively open to work; strong GitHub activity (score: 63).","Riya Saxena","Machine Learning Engineer","Genpact AI","Kochi, Kerala","India","7.2","true","120","63.1","0.6","BM25|RAG|FAISS|Embeddings","0.75","1.0","0.7693","0.7"
"CAND_0006557","16","0.716037","NLP Engineer at Paytm with 8 years of experience, based in Jaipur, Rajasthan. Positives: relevant skills include Elasticsearch, OpenSearch, Weaviate; actively open to work.","Divya Goyal","NLP Engineer","Paytm","Jaipur, Rajasthan","India","7.9","true","120","-1","0.63","Elasticsearch|OpenSearch|Weaviate|FAISS","0.875","1.0","0.589","0.7"
"CAND_0002025","17","0.712708","Senior AI Engineer at Apple with 6 years of experience, based in Trivandrum, Kerala. Positives: relevant skills include FAISS, OpenSearch, Weaviate; actively open to work; short notice period (30 days); strong GitHub activity (score: 97); high recruiter response rate (80%).","Ira Dalal","Senior AI Engineer","Apple","Trivandrum, Kerala","India","5.9","true","30","96.9","0.8","FAISS|OpenSearch|Weaviate|Pinecone","0.625","1.0","0.9307","0.4"
"CAND_0007009","18","0.711315","Recommendation Systems Engineer at Wysa with 8 years of experience, based in Noida, Uttar Pradesh. Positives: relevant skills include Weaviate, Python, Embeddings; actively open to work; short notice period (30 days); strong GitHub activity (score: 69).","Anika Pillai","Recommendation Systems Engineer","Wysa","Noida, Uttar Pradesh","India","7.9","true","30","69.2","0.62","Weaviate|Python|Embeddings|BM25","0.625","1.0","0.7936","1.0"
"CAND_0037566","19","0.711028","Machine Learning Engineer at LinkedIn with 7 years of experience, based in Bangalore, Karnataka. Positives: relevant skills include Pinecone, BM25, Elasticsearch; actively open to work; short notice period (15 days); strong GitHub activity (score: 73).","Ritu Nair","Machine Learning Engineer","LinkedIn","Bangalore, Karnataka","India","6.9","true","15","73.4","0.5","Pinecone|BM25|Elasticsearch","0.375","1.0","0.7702","1.0"
"CAND_0092255","20","0.710621","ML Engineer at InMobi with 5 years of experience, based in Noida, Uttar Pradesh. Positives: relevant skills include Weaviate, Semantic Search, OpenSearch; actively open to work; strong GitHub activity (score: 78).","Jay Chatterjee","ML Engineer","InMobi","Noida, Uttar Pradesh","India","5.2","true","60","77.9","0.38","Weaviate|Semantic Search|OpenSearch|RAG","0.5","1.0","0.7477","1.0"
"CAND_0064904","21","0.709119","AI Engineer at LinkedIn with 5 years of experience, based in Hyderabad, Telangana. Positives: relevant skills include Embeddings, Elasticsearch, Python; actively open to work; strong GitHub activity (score: 59); high recruiter response rate (78%).","Karan Trivedi","AI Engineer","LinkedIn","Hyderabad, Telangana","India","4.9","true","90","59.0","0.78","Embeddings|Elasticsearch|Python|Weaviate","0.625","0.75","0.811","1.0"
"CAND_0099806","22","0.707590","AI Engineer at Mad Street Den with 5 years of experience, based in Bhubaneswar, Odisha. Positives: relevant skills include RAG, FAISS, Embeddings; actively open to work; short notice period (30 days); strong GitHub activity (score: 87); high recruiter response rate (76%).","Pranav Subramanian","AI Engineer","Mad Street Den","Bhubaneswar, Odisha","India","4.6","true","30","86.9","0.76","RAG|FAISS|Embeddings|Weaviate","0.875","0.75","0.8887","0.7"
"CAND_0011162","23","0.705472","Recommendation Systems Engineer at upGrad with 6 years of experience, based in Coimbatore, Tamil Nadu. Positives: relevant skills include FAISS, Milvus, OpenSearch; actively open to work; high recruiter response rate (75%).","Nisha Sharma","Recommendation Systems Engineer","upGrad","Coimbatore, Tamil Nadu","India","5.8","true","90","34.3","0.75","FAISS|Milvus|OpenSearch|Pinecone","0.875","1.0","0.7279","0.7"
"CAND_0039754","24","0.702324","Senior Applied Scientist at Meta with 16 years of experience, based in Indore, Madhya Pradesh. Positives: relevant skills include Qdrant, OpenSearch, BM25; actively open to work; short notice period (30 days); strong GitHub activity (score: 78); high recruiter response rate (81%).","Mira Banerjee","Senior Applied Scientist","Meta","Indore, Madhya Pradesh","India","16.2","true","30","77.5","0.81","Qdrant|OpenSearch|BM25|Weaviate","0.75","0.25","0.8755","0.7"
"CAND_0080766","25","0.702075","Staff Machine Learning Engineer at Salesforce with 9 years of experience, based in Coimbatore, Tamil Nadu. Positives: relevant skills include Information Retrieval Systems, Elasticsearch, OpenSearch; short notice period (0 days).","Kiara Mittal","Staff Machine Learning Engineer","Salesforce","Coimbatore, Tamil Nadu","India","8.8","false","0","32.9","0.66","Information Retrieval Systems|Elasticsearch|OpenSearch|Python","0.625","1.0","0.2967","0.7"
"CAND_0042506","26","0.701442","Search Engineer at Verloop.io with 4 years of experience, based in Mumbai, Maharashtra. Positives: relevant skills include Semantic Search, Information Retrieval, Milvus; actively open to work; short notice period (15 days); strong GitHub activity (score: 64).","Zara Pandey","Search Engineer","Verloop.io","Mumbai, Maharashtra","India","4.2","true","15","64.0","0.48","Semantic Search|Information Retrieval|Milvus|Qdrant","0.625","0.75","0.736","1.0"
"CAND_0033861","27","0.696037","Senior NLP Engineer at Mad Street Den with 8 years of experience, based in Vizag, Andhra Pradesh. Positives: relevant skills include Weaviate, Elasticsearch, Pinecone; short notice period (30 days).","Kabir Kapoor","Senior NLP Engineer","Mad Street Den","Vizag, Andhra Pradesh","India","8.0","false","30","32.6","0.16","Weaviate|Elasticsearch|Pinecone|Qdrant","0.625","1.0","0.1458","0.4"
"CAND_0051004","28","0.694538","Senior Data Scientist at CRED with 5 years of experience, based in Delhi, Delhi. Positives: relevant skills include Embeddings, Semantic Search, Qdrant; actively open to work; short notice period (15 days).","Vivaan Arora","Senior Data Scientist","CRED","Delhi, Delhi","India","4.7","true","15","30.8","0.41","Embeddings|Semantic Search|Qdrant","0.375","0.75","0.6154","1.0"
"CAND_0010257","29","0.694424","Senior Data Scientist at Google with 6 years of experience, based in Noida, Uttar Pradesh. Positives: relevant skills include Milvus, Python, OpenSearch; actively open to work; high recruiter response rate (72%).","Ira Shetty","Senior Data Scientist","Google","Noida, Uttar Pradesh","India","6.5","true","120","45.5","0.72","Milvus|Python|OpenSearch|Qdrant","0.5","1.0","0.7525","1.0"
"CAND_0055992","30","0.692988","AI Engineer at CRED with 17 years of experience, based in Sydney, Australia. Positives: relevant skills include Information Retrieval, FAISS, RAG; actively open to work; strong GitHub activity (score: 65); high recruiter response rate (72%).","Deepak Bansal","AI Engineer","CRED","Sydney","Australia","16.9","true","60","65.3","0.72","Information Retrieval|FAISS|RAG|OpenSearch","0.75","0.25","0.8119","0.3"
"CAND_0093547","31","0.688860","Senior Machine Learning Engineer at PhonePe with 3 years of experience, based in Coimbatore, Tamil Nadu. Positives: relevant skills include RAG, Python, Milvus; strong GitHub activity (score: 60); high recruiter response rate (75%).","Arnav Ghosh","Senior Machine Learning Engineer","PhonePe","Coimbatore, Tamil Nadu","India","2.9","false","60","59.5","0.75","RAG|Python|Milvus|FAISS","0.75","0.25","0.4035","0.4"
"CAND_0066999","32","0.687957","Recommendation Systems Engineer at Microsoft with 6 years of experience, based in Delhi, Delhi. Positives: relevant skills include OpenSearch, FAISS, Pinecone; actively open to work; short notice period (15 days); strong GitHub activity (score: 94).","Riya Dalal","Recommendation Systems Engineer","Microsoft","Delhi, Delhi","India","5.9","true","15","94.4","0.63","OpenSearch|FAISS|Pinecone|BM25","0.75","1.0","0.8722","1.0"
"CAND_0095528","33","0.687374","Senior Data Scientist at Netflix with 5 years of experience, based in Indore, Madhya Pradesh. Positives: relevant skills include OpenSearch, Semantic Search, Qdrant; actively open to work.","Amit Dalal","Senior Data Scientist","Netflix","Indore, Madhya Pradesh","India","5.3","true","45","-1","0.55","OpenSearch|Semantic Search|Qdrant|Elasticsearch","0.75","1.0","0.565","0.4"
"CAND_0066376","34","0.687228","Applied ML Engineer at Dream11 with 6 years of experience, based in Mumbai, Maharashtra. Positives: relevant skills include Information Retrieval, BM25, FAISS; actively open to work.","Amit Goyal","Applied ML Engineer","Dream11","Mumbai, Maharashtra","India","5.7","true","90","-1","0.51","Information Retrieval|BM25|FAISS|Semantic Search","0.5","1.0","0.553","1.0"
"CAND_0086022","35","0.685898","Senior Applied Scientist at Sarvam AI with 5 years of experience, based in Kolkata, West Bengal. Positives: relevant skills include Elasticsearch, Pinecone, Embeddings; actively open to work; short notice period (0 days); strong GitHub activity (score: 75).","Dhruv Naidu","Senior Applied Scientist","Sarvam AI","Kolkata, West Bengal","India","5.3","true","0","75.2","0.55","Elasticsearch|Pinecone|Embeddings","0.375","1.0","0.7906","0.7"
"CAND_0076163","36","0.685101","NLP Engineer at Ola with 7 years of experience, based in Chandigarh, Chandigarh. Positives: relevant skills include Weaviate, BM25, Semantic Search; actively open to work; strong GitHub activity (score: 85); high recruiter response rate (84%).","Nikhil Mittal","NLP Engineer","Ola","Chandigarh, Chandigarh","India","6.9","true","60","84.6","0.84","Weaviate|BM25|Semantic Search|Python","0.75","1.0","0.9058","0.4"
"CAND_0027801","37","0.684033","NLP Engineer at InMobi with 7 years of experience, based in Hyderabad, Telangana. Positives: relevant skills include FAISS, Milvus, OpenSearch; actively open to work; strong GitHub activity (score: 63).","Anil Mittal","NLP Engineer","InMobi","Hyderabad, Telangana","India","7.4","true","120","63.3","0.65","FAISS|Milvus|OpenSearch","0.375","1.0","0.7849","1.0"
"CAND_0005649","38","0.682314","Senior Data Scientist at Sarvam AI with 7 years of experience, based in Delhi, Delhi. Positives: relevant skills include Semantic Search, Weaviate, RAG; actively open to work; strong GitHub activity (score: 81).","Riya Kapoor","Senior Data Scientist","Sarvam AI","Delhi, Delhi","India","7.4","true","90","80.7","0.57","Semantic Search|Weaviate|RAG|Information Retrieval","0.5","1.0","0.8131","1.0"
"CAND_0007412","39","0.681425","Applied ML Engineer at Zoho with 7 years of experience, based in Noida, Uttar Pradesh. Positives: relevant skills include Pinecone, Milvus, BM25; actively open to work; high recruiter response rate (76%).","Pranav Shah","Applied ML Engineer","Zoho","Noida, Uttar Pradesh","India","7.4","true","120","36.0","0.76","Pinecone|Milvus|BM25|RAG","0.5","1.0","0.736","1.0"
"CAND_0098780","40","0.681038","AI Research Engineer at Zomato with 6 years of experience, based in Bangalore, Karnataka. Positives: relevant skills include Semantic Search, Milvus, Weaviate; actively open to work.","Shreya Singh","AI Research Engineer","Zomato","Bangalore, Karnataka","India","5.9","true","60","-1","0.57","Semantic Search|Milvus|Weaviate|Pinecone","0.5","1.0","0.571","1.0"
"CAND_0027691","41","0.678989","NLP Engineer at Haptik with 6 years of experience, based in Pune, Maharashtra. Positives: relevant skills include Weaviate, Embeddings, Semantic Search; actively open to work; short notice period (15 days); strong GitHub activity (score: 58).","Ayaan Goyal","NLP Engineer","Haptik","Pune, Maharashtra","India","6.5","true","15","58.5","0.68","Weaviate|Embeddings|Semantic Search|Python","0.5","1.0","0.7795","1.0"
"CAND_0006567","42","0.677941","Senior AI Engineer at Meta with 8 years of experience, based in Noida, Uttar Pradesh. Positives: relevant skills include BM25, Python, Ranking Systems; actively open to work; high recruiter response rate (79%).","Aditya Subramanian","Senior AI Engineer","Meta","Noida, Uttar Pradesh","India","7.9","true","60","35.2","0.79","BM25|Python|Ranking Systems","0.375","1.0","0.7426","1.0"
"CAND_0068811","43","0.677289","Applied ML Engineer at Freshworks with 8 years of experience, based in Pune, Maharashtra. Positives: relevant skills include Qdrant, Embeddings, Pinecone; actively open to work; short notice period (30 days).","Krishna Mittal","Applied ML Engineer","Freshworks","Pune, Maharashtra","India","8.0","true","30","23.1","0.42","Qdrant|Embeddings|Pinecone|OpenSearch","0.625","1.0","0.5953","1.0"
"CAND_0050454","44","0.673525","AI Engineer at Rephrase.ai with 7 years of experience, based in Delhi, Delhi. Positives: relevant skills include FAISS, Qdrant, BM25; actively open to work; short notice period (30 days); high recruiter response rate (77%).","Saanvi Bansal","AI Engineer","Rephrase.ai","Delhi, Delhi","India","6.8","true","30","-1","0.77","FAISS|Qdrant|BM25","0.375","1.0","0.631","1.0"
"CAND_0087630","45","0.672376","AI Engineer at Vedantu with 7 years of experience, based in Gurgaon, Haryana. Positives: relevant skills include Elasticsearch, BM25, Embeddings; short notice period (30 days).","Aisha Rao","AI Engineer","Vedantu","Gurgaon, Haryana","India","7.2","false","30","23.2","0.45","Elasticsearch|BM25|Embeddings|OpenSearch","0.5","1.0","0.2046","1.0"
"CAND_0029367","46","0.671047","Senior Data Scientist at Rephrase.ai with 6 years of experience, based in Bangalore, Karnataka. Positives: relevant skills include FAISS, RAG, Pinecone; actively open to work; high recruiter response rate (77%).","Yash Malhotra","Senior Data Scientist","Rephrase.ai","Bangalore, Karnataka","India","5.7","true","90","39.8","0.77","FAISS|RAG|Pinecone","0.375","1.0","0.7504","1.0"
"CAND_0060072","47","0.670150","Staff Machine Learning Engineer at Amazon with 6 years of experience, based in Indore, Madhya Pradesh. Positives: relevant skills include Milvus, BM25, Qdrant; strong GitHub activity (score: 82).","Anil Mishra","Staff Machine Learning Engineer","Amazon","Indore, Madhya Pradesh","India","5.7","false","90","82.4","0.1","Milvus|BM25|Qdrant|Embeddings","0.75","1.0","0.2772","0.7"
"CAND_0036437","48","0.669525","Search Engineer at Rephrase.ai with 5 years of experience, based in Kolkata, West Bengal. Positives: relevant skills include OpenSearch, Elasticsearch, Milvus; short notice period (30 days); high recruiter response rate (87%).","Arjun Joshi","Search Engineer","Rephrase.ai","Kolkata, West Bengal","India","4.8","false","30","35.2","0.87","OpenSearch|Elasticsearch|Milvus|Weaviate","0.625","0.75","0.3666","0.7"
"CAND_0054123","49","0.668930","Applied ML Engineer at Meta with 5 years of experience, based in Gurgaon, Haryana. Positives: relevant skills include Python, Weaviate, Qdrant; strong GitHub activity (score: 72); high recruiter response rate (87%).","Tanvi Banerjee","Applied ML Engineer","Meta","Gurgaon, Haryana","India","4.7","false","60","71.5","0.87","Python|Weaviate|Qdrant|Semantic Search","0.5","0.75","0.4755","1.0"
"CAND_0099401","50","0.668378","NLP Engineer at Dream11 with 8 years of experience, based in Ahmedabad, Gujarat. Positives: relevant skills include BM25, Embeddings, Qdrant.","Kabir Sen","NLP Engineer","Dream11","Ahmedabad, Gujarat","India","7.7","false","90","24.1","0.42","BM25|Embeddings|Qdrant|Information Retrieval","0.75","1.0","0.1983","0.7"
"CAND_0096172","51","0.667673","NLP Engineer at Krutrim with 5 years of experience, based in Chennai, Tamil Nadu. Positives: relevant skills include OpenSearch, Elasticsearch, Semantic Search; strong GitHub activity (score: 65).","Meera Chowdary","NLP Engineer","Krutrim","Chennai, Tamil Nadu","India","5.2","false","45","65.0","0.47","OpenSearch|Elasticsearch|Semantic Search|Python","0.75","1.0","0.336","0.4"
"CAND_0008239","52","0.667298","AI Engineer at Apple with 4 years of experience, based in Jaipur, Rajasthan. Positives: relevant skills include Milvus, Semantic Search, Elasticsearch; actively open to work; short notice period (15 days); strong GitHub activity (score: 57); high recruiter response rate (73%).","Advik Iyer","AI Engineer","Apple","Jaipur, Rajasthan","India","4.0","true","15","56.6","0.73","Milvus|Semantic Search|Elasticsearch|Weaviate","0.75","0.75","0.7888","0.7"
"CAND_0005260","53","0.665456","Senior NLP Engineer at Netflix with 5 years of experience, based in Chennai, Tamil Nadu. Positives: relevant skills include Information Retrieval, Semantic Search, Python; high recruiter response rate (86%).","Mira Ghosh","Senior NLP Engineer","Netflix","Chennai, Tamil Nadu","India","5.2","false","60","-1","0.86","Information Retrieval|Semantic Search|Python|RAG","0.625","1.0","0.258","0.7"
"CAND_0042029","54","0.665356","Senior Data Scientist at Flipkart with 6 years of experience, based in Delhi, Delhi. Positives: relevant skills include RAG, Elasticsearch, Embeddings; strong GitHub activity (score: 79).","Dhruv Joshi","Senior Data Scientist","Flipkart","Delhi, Delhi","India","6.5","false","45","78.7","0.67","RAG|Elasticsearch|Embeddings|OpenSearch","0.625","1.0","0.4371","1.0"
"CAND_0091909","55","0.664023","Machine Learning Engineer at Rephrase.ai with 7 years of experience, based in Bangalore, Karnataka. Positives: relevant skills include Pinecone, Qdrant, OpenSearch; actively open to work.","Pooja Tiwari","Machine Learning Engineer","Rephrase.ai","Bangalore, Karnataka","India","6.9","true","45","49.7","0.65","Pinecone|Qdrant|OpenSearch","0.375","1.0","0.7441","1.0"
"CAND_0095619","56","0.662513","NLP Engineer at Nykaa with 16 years of experience, based in Mumbai, Maharashtra. Positives: relevant skills include Pinecone, Weaviate, Information Retrieval; actively open to work; short notice period (30 days); high recruiter response rate (90%). Concerns: experience (16 yrs) outside preferred 5-9 yr range.","Vivaan Dalal","NLP Engineer","Nykaa","Mumbai, Maharashtra","India","15.6","true","30","29.7","0.9","Pinecone|Weaviate|Information Retrieval|BM25","0.625","0.25","0.7591","1.0"
"CAND_0011687","57","0.661869","Senior NLP Engineer at Niramai with 8 years of experience, based in Indore, Madhya Pradesh. Positives: relevant skills include OpenSearch, FAISS, Embeddings; actively open to work; short notice period (15 days); strong GitHub activity (score: 76); high recruiter response rate (89%).","Shreya Tiwari","Senior NLP Engineer","Niramai","Indore, Madhya Pradesh","India","7.8","true","15","76.3","0.89","OpenSearch|FAISS|Embeddings|Weaviate","0.625","1.0","0.8959","0.4"
"CAND_0074225","58","0.660815","Machine Learning Engineer at Unacademy with 4 years of experience, based in Vizag, Andhra Pradesh. Positives: relevant skills include Semantic Search, Elasticsearch, Milvus; actively open to work; strong GitHub activity (score: 54); high recruiter response rate (91%).","Kabir Agarwal","Machine Learning Engineer","Unacademy","Vizag, Andhra Pradesh","India","4.3","true","120","54.3","0.91","Semantic Search|Elasticsearch|Milvus|Python","0.625","0.75","0.8359","0.7"
"CAND_0039383","59","0.659512","Applied ML Engineer at Meesho with 7 years of experience, based in Gurgaon, Haryana. Positives: relevant skills include FAISS, Elasticsearch; actively open to work; strong GitHub activity (score: 86).","Riya Malhotra","Applied ML Engineer","Meesho","Gurgaon, Haryana","India","7.1","true","90","86.4","0.61","FAISS|Elasticsearch","0.25","1.0","0.8422","1.0"
"CAND_0093193","60","0.657768","Senior Machine Learning Engineer at Niramai with 8 years of experience, based in Bangalore, Karnataka. Positives: relevant skills include Ranking Systems, Qdrant, OpenSearch; actively open to work.","Aarohi Bose","Senior Machine Learning Engineer","Niramai","Bangalore, Karnataka","India","7.9","true","45","34.2","0.61","Ranking Systems|Qdrant|OpenSearch|Information Retrieval Systems","0.5","1.0","0.6856","1.0"
"CAND_0044855","61","0.657326","Senior Data Scientist at Flipkart with 7 years of experience, based in Coimbatore, Tamil Nadu. Positives: relevant skills include OpenSearch, Information Retrieval, Pinecone.","Kavya Joshi","Senior Data Scientist","Flipkart","Coimbatore, Tamil Nadu","India","6.6","false","60","46.7","0.57","OpenSearch|Information Retrieval|Pinecone|Qdrant","0.625","1.0","0.3111","0.7"
"CAND_0030031","62","0.656888","AI Engineer at Microsoft with 6 years of experience, based in Trivandrum, Kerala. Positives: relevant skills include Information Retrieval, Python, RAG; short notice period (30 days); high recruiter response rate (94%).","Anil Joshi","AI Engineer","Microsoft","Trivandrum, Kerala","India","5.7","false","30","32.4","0.94","Information Retrieval|Python|RAG|BM25","0.625","1.0","0.3792","0.4"
"CAND_0083307","63","0.654821","Search Engineer at CRED with 8 years of experience, based in Vizag, Andhra Pradesh. Positives: relevant skills include Embeddings, Pinecone, Weaviate; actively open to work; strong GitHub activity (score: 69); high recruiter response rate (70%).","Neha Patel","Search Engineer","CRED","Vizag, Andhra Pradesh","India","7.8","true","120","69.2","0.7","Embeddings|Pinecone|Weaviate|Semantic Search","0.625","1.0","0.8176","0.4"
"CAND_0046064","64","0.653864","Senior NLP Engineer at Salesforce with 9 years of experience, based in Coimbatore, Tamil Nadu. Positives: relevant skills include Python, Pinecone, BM25; actively open to work; short notice period (30 days); strong GitHub activity (score: 67); high recruiter response rate (78%).","Saanvi Naidu","Senior NLP Engineer","Salesforce","Coimbatore, Tamil Nadu","India","8.9","true","30","67.3","0.78","Python|Pinecone|BM25|OpenSearch","0.75","1.0","0.8359","0.4"
"CAND_0065514","65","0.653787","ML Engineer at Genpact AI with 7 years of experience, based in Pune, Maharashtra. Positives: relevant skills include Pinecone, Elasticsearch, Milvus; actively open to work; strong GitHub activity (score: 52).","Krishna Chopra","ML Engineer","Genpact AI","Pune, Maharashtra","India","6.6","true","90","52.5","0.39","Pinecone|Elasticsearch|Milvus|OpenSearch","0.625","1.0","0.6745","1.0"
"CAND_0030468","66","0.651473","Senior Applied Scientist at Swiggy with 5 years of experience, based in Indore, Madhya Pradesh. Positives: relevant skills include Information Retrieval Systems, Ranking Systems, OpenSearch; actively open to work; high recruiter response rate (78%).","Pooja Bose","Senior Applied Scientist","Swiggy","Indore, Madhya Pradesh","India","5.4","true","45","45.0","0.78","Information Retrieval Systems|Ranking Systems|OpenSearch|Milvus","0.5","1.0","0.769","0.7"
"CAND_0094759","67","0.649341","Lead AI Engineer at Meta with 9 years of experience, based in Mumbai, Maharashtra. Positives: relevant skills include Semantic Search, Qdrant, FAISS; short notice period (30 days); strong GitHub activity (score: 76).","Aditya Pillai","Lead AI Engineer","Meta","Mumbai, Maharashtra","India","8.6","false","30","76.2","0.11","Semantic Search|Qdrant|FAISS|Weaviate","0.5","1.0","0.2616","1.0"
"CAND_0046525","68","0.648968","Senior Machine Learning Engineer at Genpact AI with 6 years of experience, based in Pune, Maharashtra. Positives: relevant skills include Elasticsearch, Information Retrieval, Qdrant; actively open to work; high recruiter response rate (88%).","Tanvi Mukherjee","Senior Machine Learning Engineer","Genpact AI","Pune, Maharashtra","India","6.1","true","60","36.7","0.88","Elasticsearch|Information Retrieval|Qdrant","0.375","1.0","0.7741","1.0"
"CAND_0041610","69","0.646746","Recommendation Systems Engineer at Zoho with 7 years of experience, based in Indore, Madhya Pradesh. Positives: relevant skills include Elasticsearch, OpenSearch, BM25; actively open to work; short notice period (30 days); strong GitHub activity (score: 52).","Anil Subramanian","Recommendation Systems Engineer","Zoho","Indore, Madhya Pradesh","India","6.7","true","30","52.1","0.52","Elasticsearch|OpenSearch|BM25|Embeddings","0.5","1.0","0.7123","0.7"
"CAND_0037000","70","0.645627","Search Engineer at Unacademy with 3 years of experience, based in Noida, Uttar Pradesh. Positives: relevant skills include Embeddings, Semantic Search, FAISS; short notice period (15 days); strong GitHub activity (score: 67). Concerns: experience (3 yrs) outside preferred 5-9 yr range.","Nikhil Mittal","Search Engineer","Unacademy","Noida, Uttar Pradesh","India","2.7","false","15","66.8","0.61","Embeddings|Semantic Search|FAISS|Pinecone","0.625","0.25","0.3834","1.0"
"CAND_0079387","71","0.645330","AI Engineer at Microsoft with 7 years of experience, based in Trivandrum, Kerala. Positives: relevant skills include Python, OpenSearch, BM25; actively open to work; short notice period (30 days); strong GitHub activity (score: 64); high recruiter response rate (81%).","Sneha Arora","AI Engineer","Microsoft","Trivandrum, Kerala","India","6.9","true","30","64.1","0.81","Python|OpenSearch|BM25","0.375","1.0","0.8353","0.4"
"CAND_0028793","72","0.644530","Search Engineer at Google with 7 years of experience, based in Trivandrum, Kerala. Positives: relevant skills include Embeddings, Information Retrieval; actively open to work; strong GitHub activity (score: 83).","Myra Dutta","Search Engineer","Google","Trivandrum, Kerala","India","7.2","true","120","83.1","0.57","Embeddings|Information Retrieval","0.25","1.0","0.8203","0.7"
"CAND_0000031","73","0.642014","Recommendation Systems Engineer at Swiggy with 6 years of experience, based in Hyderabad, Telangana. Positives: relevant skills include FAISS, Pinecone, Embeddings; actively open to work; high recruiter response rate (91%).","Ela Singh","Recommendation Systems Engineer","Swiggy","Hyderabad, Telangana","India","6.0","true","60","32.6","0.91","FAISS|Pinecone|Embeddings|Information Retrieval","0.5","1.0","0.7708","1.0"
"CAND_0013393","74","0.641893","ML Engineer at Freshworks with 5 years of experience, based in Bangalore, Karnataka. Positives: relevant skills include Embeddings, Pinecone, Qdrant; actively open to work.","Sneha Bansal","ML Engineer","Freshworks","Bangalore, Karnataka","India","5.3","true","60","-1","0.33","Embeddings|Pinecone|Qdrant|OpenSearch","0.625","1.0","0.499","1.0"
"CAND_0012957","75","0.637090","Search Engineer at Razorpay with 5 years of experience, based in Chennai, Tamil Nadu. Positives: relevant skills include RAG, BM25, Qdrant; strong GitHub activity (score: 54).","Ritu Menon","Search Engineer","Razorpay","Chennai, Tamil Nadu","India","4.9","false","120","53.5","0.67","RAG|BM25|Qdrant|Python","0.625","0.75","0.3615","0.7"
"CAND_0010541","76","0.636923","AI Research Engineer at Wysa with 6 years of experience, based in Hyderabad, Telangana. Positives: relevant skills include Pinecone, Weaviate, Python; actively open to work.","Meera Krishnan","AI Research Engineer","Wysa","Hyderabad, Telangana","India","6.2","true","60","18.2","0.59","Pinecone|Weaviate|Python|BM25","0.625","1.0","0.6316","1.0"
"CAND_0007460","77","0.636480","AI Engineer at Salesforce with 5 years of experience, based in Pune, Maharashtra. Positives: relevant skills include Embeddings, Weaviate, Information Retrieval; actively open to work; strong GitHub activity (score: 53).","Anika Sethi","AI Engineer","Salesforce","Pune, Maharashtra","India","4.7","true","120","53.2","0.48","Embeddings|Weaviate|Information Retrieval|RAG","0.625","0.75","0.7036","1.0"
"CAND_0074735","78","0.635510","Applied ML Engineer at Rephrase.ai with 6 years of experience, based in Chandigarh, Chandigarh. Positives: relevant skills include RAG, Weaviate, Information Retrieval; actively open to work; strong GitHub activity (score: 88); high recruiter response rate (77%).","Ananya Arora","Applied ML Engineer","Rephrase.ai","Chandigarh, Chandigarh","India","5.5","true","90","87.7","0.77","RAG|Weaviate|Information Retrieval|Semantic Search","0.625","1.0","0.8941","0.4"
"CAND_0007411","79","0.635238","Senior Machine Learning Engineer at Amazon with 8 years of experience, based in Kochi, Kerala. Positives: relevant skills include OpenSearch, BM25, Information Retrieval; short notice period (15 days); strong GitHub activity (score: 90). Concerns: inactive for 6+ months.","Rahul Bansal","Senior Machine Learning Engineer","Amazon","Kochi, Kerala","India","8.0","false","15","89.5","0.12","OpenSearch|BM25|Information Retrieval|Pinecone","0.5","1.0","0.3045","0.7"
"CAND_0084819","80","0.633648","Search Engineer at Dream11 with 4 years of experience, based in Indore, Madhya Pradesh. Positives: relevant skills include Semantic Search, BM25, OpenSearch; actively open to work; strong GitHub activity (score: 56); high recruiter response rate (74%).","Krishna Shah","Search Engineer","Dream11","Indore, Madhya Pradesh","India","4.5","true","120","55.6","0.74","Semantic Search|BM25|OpenSearch|Weaviate","0.625","0.75","0.7888","0.4"
"CAND_0069925","81","0.633541","Junior ML Engineer at Glance with 5 years of experience, based in Mumbai, Maharashtra. Positives: relevant skills include Python, BM25, Qdrant; actively open to work.","Advik Patel","Junior ML Engineer","Glance","Mumbai, Maharashtra","India","5.3","true","90","-1","0.3","Python|BM25|Qdrant|FAISS","0.625","1.0","0.49","1.0"
"CAND_0082489","82","0.633190","ML Engineer at InMobi with 5 years of experience, based in Noida, Uttar Pradesh. Positives: relevant skills include Weaviate, Semantic Search, RAG; strong GitHub activity (score: 75); high recruiter response rate (71%).","Sneha Patel","ML Engineer","InMobi","Noida, Uttar Pradesh","India","5.3","false","90","75.2","0.71","Weaviate|Semantic Search|RAG","0.375","1.0","0.4386","1.0"
"CAND_0052682","83","0.632462","NLP Engineer at Aganitha with 7 years of experience, based in Vizag, Andhra Pradesh. Positives: relevant skills include Semantic Search, FAISS, Python; actively open to work; short notice period (30 days); strong GitHub activity (score: 72); high recruiter response rate (88%).","Ira Mukherjee","NLP Engineer","Aganitha","Vizag, Andhra Pradesh","India","6.6","true","30","72.4","0.88","Semantic Search|FAISS|Python|Embeddings","0.5","1.0","0.8812","0.4"
"CAND_0092278","84","0.632454","Senior NLP Engineer at Microsoft with 7 years of experience, based in Pune, Maharashtra. Positives: relevant skills include Elasticsearch, Milvus, Semantic Search. Concerns: inactive for 6+ months.","Ananya Arora","Senior NLP Engineer","Microsoft","Pune, Maharashtra","India","6.8","false","90","-1","0.07","Elasticsearch|Milvus|Semantic Search","0.375","1.0","0.021","1.0"
"CAND_0018701","85","0.631581","Junior ML Engineer at Krutrim with 6 years of experience, based in Delhi, Delhi. Positives: relevant skills include Elasticsearch, Information Retrieval, BM25; actively open to work; high recruiter response rate (71%).","Advik Khanna","Junior ML Engineer","Krutrim","Delhi, Delhi","India","6.0","true","60","12.1","0.71","Elasticsearch|Information Retrieval|BM25","0.375","1.0","0.6493","1.0"
"CAND_0064270","86","0.630461","Applied ML Engineer at Verloop.io with 4 years of experience, based in Pune, Maharashtra. Positives: relevant skills include Embeddings, OpenSearch, Elasticsearch; high recruiter response rate (82%).","Anil Rao","Applied ML Engineer","Verloop.io","Pune, Maharashtra","India","4.2","false","45","-1","0.82","Embeddings|OpenSearch|Elasticsearch|BM25","0.5","0.75","0.246","1.0"
"CAND_0060054","87","0.629778","AI Engineer at Mad Street Den with 6 years of experience, based in Jaipur, Rajasthan. Positives: relevant skills include Weaviate, FAISS, Elasticsearch; short notice period (15 days); high recruiter response rate (86%).","Aisha Kapoor","AI Engineer","Mad Street Den","Jaipur, Rajasthan","India","6.4","false","15","-1","0.86","Weaviate|FAISS|Elasticsearch|Semantic Search","0.5","1.0","0.258","0.7"
"CAND_0050876","88","0.629622","Applied ML Engineer at Freshworks with 6 years of experience, based in Kolkata, West Bengal. Positives: relevant skills include Qdrant, FAISS, OpenSearch; actively open to work; strong GitHub activity (score: 86).","Vivaan Shah","Applied ML Engineer","Freshworks","Kolkata, West Bengal","India","6.0","true","90","86.1","0.67","Qdrant|FAISS|OpenSearch|Python","0.5","1.0","0.8593","0.4"
"CAND_0017960","89","0.629247","Recommendation Systems Engineer at Nykaa with 8 years of experience, based in Bangalore, Karnataka. Positives: relevant skills include Qdrant, Python, Information Retrieval; actively open to work; strong GitHub activity (score: 92); high recruiter response rate (72%).","Pari Shah","Recommendation Systems Engineer","Nykaa","Bangalore, Karnataka","India","7.7","true","60","92.4","0.72","Qdrant|Python|Information Retrieval","0.375","1.0","0.8932","1.0"
"CAND_0007052","90","0.626853","ML Engineer at Unacademy with 6 years of experience, based in Pune, Maharashtra. Positives: relevant skills include RAG, Weaviate, Milvus; actively open to work; high recruiter response rate (85%).","Nisha Bansal","ML Engineer","Unacademy","Pune, Maharashtra","India","6.5","true","60","-1","0.85","RAG|Weaviate|Milvus|Semantic Search","0.625","1.0","0.655","1.0"
"CAND_0005311","91","0.626135","AI Research Engineer at Aganitha with 6 years of experience, based in Mumbai, Maharashtra. Positives: relevant skills include Semantic Search, Qdrant; actively open to work; short notice period (30 days); strong GitHub activity (score: 70).","Naina Tiwari","AI Research Engineer","Aganitha","Mumbai, Maharashtra","India","5.7","true","30","70.2","0.29","Semantic Search|Qdrant","0.25","1.0","0.6976","1.0"
"CAND_0009691","92","0.625041","Applied ML Engineer at LinkedIn with 6 years of experience, based in Indore, Madhya Pradesh. Positives: relevant skills include Pinecone, Qdrant, FAISS; actively open to work; strong GitHub activity (score: 68).","Ira Subramanian","Applied ML Engineer","LinkedIn","Indore, Madhya Pradesh","India","6.2","true","120","67.8","0.64","Pinecone|Qdrant|FAISS","0.375","1.0","0.7954","0.7"
"CAND_0061655","93","0.622928","Machine Learning Engineer at Krutrim with 5 years of experience, based in Jaipur, Rajasthan. Positives: relevant skills include Pinecone, Qdrant, BM25; short notice period (15 days); strong GitHub activity (score: 56); high recruiter response rate (88%).","Mira Banerjee","Machine Learning Engineer","Krutrim","Jaipur, Rajasthan","India","4.6","false","15","56.5","0.88","Pinecone|Qdrant|BM25|OpenSearch","0.625","0.75","0.4335","0.4"
"CAND_0094056","94","0.622617","NLP Engineer at Rephrase.ai with 6 years of experience, based in Chennai, Tamil Nadu. Positives: relevant skills include Pinecone, Milvus, BM25; strong GitHub activity (score: 65); high recruiter response rate (82%).","Diya Pillai","NLP Engineer","Rephrase.ai","Chennai, Tamil Nadu","India","5.9","false","120","64.8","0.82","Pinecone|Milvus|BM25|Embeddings","0.5","1.0","0.4404","0.7"
"CAND_0089552","95","0.621477","Machine Learning Engineer at Netflix with 6 years of experience, based in Kolkata, West Bengal. Positives: relevant skills include Weaviate, Qdrant, Semantic Search.","Suresh Dutta","Machine Learning Engineer","Netflix","Kolkata, West Bengal","India","6.0","false","120","38.4","0.49","Weaviate|Qdrant|Semantic Search|BM25","0.625","1.0","0.2622","0.7"
"CAND_0025640","96","0.621441","AI Research Engineer at HCL with 6 years of experience, based in Jaipur, Rajasthan. Positives: relevant skills include Semantic Search, Information Retrieval, FAISS; actively open to work; short notice period (30 days); high recruiter response rate (87%).","Anjali Kapoor","AI Research Engineer","HCL","Jaipur, Rajasthan","India","5.6","true","30","-1","0.87","Semantic Search|Information Retrieval|FAISS|OpenSearch","0.625","1.0","0.661","0.4"
"CAND_0037944","97","0.621094","Senior Data Scientist at Vedantu with 5 years of experience, based in Jaipur, Rajasthan. Positives: relevant skills include OpenSearch, Embeddings, Python; actively open to work; short notice period (30 days); strong GitHub activity (score: 83).","Suresh Singh","Senior Data Scientist","Vedantu","Jaipur, Rajasthan","India","4.9","true","30","83.0","0.42","OpenSearch|Embeddings|Python|BM25","0.5","0.75","0.775","0.4"
"CAND_0072660","98","0.620649","Machine Learning Engineer at Unacademy with 7 years of experience, based in Berlin, Germany. Positives: relevant skills include Information Retrieval, OpenSearch, FAISS; actively open to work; short notice period (30 days).","Aarohi Sen","Machine Learning Engineer","Unacademy","Berlin","Germany","7.1","true","30","-1","0.53","Information Retrieval|OpenSearch|FAISS|Elasticsearch","0.625","1.0","0.559","0.0"
"CAND_0067866","99","0.620230","Senior Software Engineer (ML) at Tech Mahindra with 6 years of experience, based in Noida, Uttar Pradesh. Positives: relevant skills include Embeddings, Elasticsearch, Qdrant; actively open to work; high recruiter response rate (79%).","Kiara Sethi","Senior Software Engineer (ML)","Tech Mahindra","Noida, Uttar Pradesh","India","6.4","true","45","27.7","0.79","Embeddings|Elasticsearch|Qdrant","0.375","1.0","0.7201","1.0"
"CAND_0073982","100","0.619937","Data Scientist at Dream11 with 7 years of experience, based in Delhi, Delhi. Positives: relevant skills include Qdrant, RAG, FAISS; actively open to work.","Divya Chowdary","Data Scientist","Dream11","Delhi, Delhi","India","7.0","true","60","16.0","0.65","Qdrant|RAG|FAISS|Elasticsearch","0.5","1.0","0.643","1.0"
